순위,곡제목,가수,앨범표지,좋아요수
1위,LOVE ATTACK,RESCENE (리센느),https://cdnimg.melon.co.kr/cm2/album/images/115/75/849/11575849_20240826152240_500.jpg/melon/resize/120/quality/80/optimize,145713
2위,BiiiG,BIGBANG (빅뱅),https://cdnimg.melon.co.kr/cm2/album/images/144/63/127/14463127_20260819092848_500.jpg/melon/resize/120/quality/80/optimize,53283
3위,갑자기,아이오아이 (I.O.I),https://cdnimg.melon.co.kr/cm2/album/images/133/99/673/13399673_20260518151131_500.jpg/melon/resize/120/quality/80/optimize,77709
4위,REDRED,CORTIS (코르티스),https://cdnimg.melon.co.kr/cm2/album/images/133/38/387/13338387_20260504133459_500.jpg/melon/resize/120/quality/80/optimize,88064
5위,Pretty Girl,RESCENE (리센느),https://cdnimg.melon.co.kr/cm2/album/images/137/88/545/13788545_20260707111659_500.jpg/melon/resize/120/quality/80/optimize,60519
6위,Deja Vu,RESCENE (리센느),https://cdnimg.melon.co.kr/cm2/album/images/118/75/116/11875116_20250701165641_500.jpg/melon/resize/120/quality/80/optimize,51384
7위,BAD,ATEEZ(에이티즈),https://cdnimg.melon.co.kr/cm2/album/images/137/52/815/13752815_20260622141535_500.jpg/melon/resize/120/quality/80/optimize,28176
8위,LEMONADE,aespa,https://cdnimg.melon.co.kr/cm2/album/images/133/84/085/13384085_20260528181046_500.jpg/melon/resize/120/quality/80/optimize,57665
9위,만찬가,태연 (TAEYEON),https://cdnimg.melon.co.kr/cm2/album/images/137/65/551/13765551_20260626112146_500.jpg/melon/resize/120/quality/80/optimize,44532
10위,노스탈지아,BIG Naughty (서동현),https://cdnimg.melon.co.kr/cm2/album/images/144/94/275/14494275_20260828144050_500.jpg/melon/resize/120/quality/80/optimize,20999
11위,또또,임영웅,https://cdnimg.melon.co.kr/cm2/album/images/144/98/154/14498154_20260831161140_500.jpg/melon/resize/120/quality/80/optimize,58181
12위,It′s Me,아일릿(ILLIT),https://cdnimg.melon.co.kr/cm2/album/images/133/62/401/13362401_20260430094059_500.jpg/melon/resize/120/quality/80/optimize,239518
13위,Drowning,WOODZ,https://cdnimg.melon.co.kr/cm2/album/images/111/83/506/11183506_20230426141236_500.jpg/melon/resize/120/quality/80/optimize,308104
14위,사랑은 늘 도망가,임영웅,https://cdnimg.melon.co.kr/cm2/album/images/107/35/654/10735654_20211008114339_500.jpg/melon/resize/120/quality/80/optimize,22395
15위,여름아 부탁해,볼빨간사춘기,https://cdnimg.melon.co.kr/cm2/album/images/138/23/274/13823274_20260721152311_500.jpg/melon/resize/120/quality/80/optimize,25972
16위,사랑하게 될 거야,한로로,https://cdnimg.melon.co.kr/cm2/album/images/113/12/872/11312872_20230823162414_500.jpg/melon/resize/120/quality/80/optimize,148065
17위,부디 행복해질 것,임영웅,https://cdnimg.melon.co.kr/cm2/album/images/144/98/154/14498154_20260831161140_500.jpg/melon/resize/120/quality/80/optimize,124743
18위,모이세,임영웅,https://cdnimg.melon.co.kr/cm2/album/images/144/98/154/14498154_20260831161140_500.jpg/melon/resize/120/quality/80/optimize,50443
19위,Skibidi,소녀시대-효리수 (Girls' Generation-HRS),https://cdnimg.melon.co.kr/cm2/album/images/144/94/370/14494370_20260828152343_500.jpg/melon/resize/120/quality/80/optimize,18212
20위,Baila,임영웅,https://cdnimg.melon.co.kr/cm2/album/images/144/98/154/14498154_20260831161140_500.jpg/melon/resize/120/quality/80/optimize,74268
21위,순간을 영원처럼,임영웅,https://cdnimg.melon.co.kr/cm2/album/images/120/83/192/12083192_20250828155052_500.jpg/melon/resize/120/quality/80/optimize,52088
22위,Pop Off Pop Off,KiiiKiii (키키),https://cdnimg.melon.co.kr/cm2/album/images/144/29/080/14429080_20260806154450_500.jpg/melon/resize/120/quality/80/optimize,18645
23위,캐치 캐치,YENA (최예나),https://cdnimg.melon.co.kr/cm2/album/images/129/08/035/12908035_20260309142026_500.jpg/melon/resize/120/quality/80/optimize,123795
24위,Good Goodbye,화사 (HWASA),https://cdnimg.melon.co.kr/cm2/album/images/121/60/000/12160000_20251014164646_500.jpg/melon/resize/120/quality/80/optimize,18007
25위,RUDE!,Hearts2Hearts (하츠투하츠),https://cdnimg.melon.co.kr/cm2/album/images/128/69/629/12869629_20260219143819_500.jpg/melon/resize/120/quality/80/optimize,127152
26위,미워요 RE,임영웅,https://cdnimg.melon.co.kr/cm2/album/images/144/98/154/14498154_20260831161140_500.jpg/melon/resize/120/quality/80/optimize,19327
27위,우리들의 블루스,임영웅,https://cdnimg.melon.co.kr/cm2/album/images/109/23/444/10923444_20220502140600_500.jpg/melon/resize/120/quality/80/optimize,91997
28위,모래 알갱이 RE,임영웅,https://cdnimg.melon.co.kr/cm2/album/images/144/98/154/14498154_20260831161140_500.jpg/melon/resize/120/quality/80/optimize,17114
29위,0+0,한로로,https://cdnimg.melon.co.kr/cm2/album/images/119/82/233/11982233_20250801150859_500.jpg/melon/resize/120/quality/80/optimize,233355
30위,살아온 우리에게,임영웅,https://cdnimg.melon.co.kr/cm2/album/images/144/98/154/14498154_20260831161140_500.jpg/melon/resize/120/quality/80/optimize,10560
31위,사랑은 늘 도망가 RE,임영웅,https://cdnimg.melon.co.kr/cm2/album/images/144/98/154/14498154_20260831161140_500.jpg/melon/resize/120/quality/80/optimize,46179
32위,A Bientot RE,임영웅,https://cdnimg.melon.co.kr/cm2/album/images/144/98/154/14498154_20260831161140_500.jpg/melon/resize/120/quality/80/optimize,89938
33위,생각을 멈추다 보면,최유리,https://cdnimg.melon.co.kr/cm2/album/images/113/69/106/11369106_20231120180538_500.jpg/melon/resize/120/quality/80/optimize,16751
34위,New York,임영웅,https://cdnimg.melon.co.kr/cm2/album/images/144/98/154/14498154_20260831161140_500.jpg/melon/resize/120/quality/80/optimize,17205
35위,"HOME SWEET HOME (feat. 태양, 대성)",G-DRAGON,https://cdnimg.melon.co.kr/cm2/album/images/116/47/670/11647670_20241121150855_500.jpg/melon/resize/120/quality/80/optimize,16619
36위,"기쁨, 슬픔, 아름다운 마음",AKMU (악뮤),https://cdnimg.melon.co.kr/cm2/album/images/133/12/398/13312398_20260406142544_500.jpg/melon/resize/120/quality/80/optimize,16641
37위,소문의 낙원,AKMU (악뮤),https://cdnimg.melon.co.kr/cm2/album/images/133/12/398/13312398_20260406142544_500.jpg/melon/resize/120/quality/80/optimize,32150
38위,Lemon Tang,Hearts2Hearts (하츠투하츠),https://cdnimg.melon.co.kr/cm2/album/images/137/50/428/13750428_20260619162731_500.jpg/melon/resize/120/quality/80/optimize,16823
39위,타임캡슐,다비치,https://cdnimg.melon.co.kr/cm2/album/images/121/63/032/12163032_20251015164500_500.jpg/melon/resize/120/quality/80/optimize,78686
40위,Popcorn,도경수(D.O.),https://cdnimg.melon.co.kr/cm2/album/images/114/77/689/11477689_20240507151429_500.jpg/melon/resize/120/quality/80/optimize,92708
41위,"어떻게 이별까지 사랑하겠어, 널 사랑하는 거지",AKMU (악뮤),https://cdnimg.melon.co.kr/cm2/album/images/103/31/947/10331947_500.jpg/melon/resize/120/quality/80/optimize,496508
42위,404 (New Era),KiiiKiii (키키),https://cdnimg.melon.co.kr/cm2/album/images/128/06/237/12806237_20260126145002_500.jpg/melon/resize/120/quality/80/optimize,326130
43위,너의 모든 순간,성시경,https://cdnimg.melon.co.kr/cm/album/images/022/32/505/2232505_500.jpg/melon/resize/120/quality/80/optimize,72469
44위,어제보다 슬픈 오늘,우디 (Woody),https://cdnimg.melon.co.kr/cm2/album/images/117/56/010/11756010_20250331135525_500.jpg/melon/resize/120/quality/80/optimize,90336
45위,BANG BANG,IVE (아이브),https://cdnimg.melon.co.kr/cm2/album/images/128/45/274/12845274_20260223113048_500.jpg/melon/resize/120/quality/80/optimize,68554
46위,그댈 위한 멜로디,임영웅,https://cdnimg.melon.co.kr/cm2/album/images/120/83/192/12083192_20250828155052_500.jpg/melon/resize/120/quality/80/optimize,371181
47위,한 페이지가 될 수 있게,DAY6 (데이식스),https://cdnimg.melon.co.kr/cm/album/images/103/07/346/10307346_500.jpg/melon/resize/120/quality/80/optimize,102088
48위,내게 사랑이 뭐냐고 물어본다면,로이킴,https://cdnimg.melon.co.kr/cm2/album/images/116/16/312/11616312_20241015135802_500.jpg/melon/resize/120/quality/80/optimize,121053
49위,너에게 닿기를,10CM,https://cdnimg.melon.co.kr/cm2/album/images/117/30/411/11730411_20250306095101_500.jpg/melon/resize/120/quality/80/optimize,110611
50위,Blue Valentine,NMIXX,https://cdnimg.melon.co.kr/cm2/album/images/121/49/391/12149391_20251013150421_500.jpg/melon/resize/120/quality/80/optimize,155881
51위,모르시나요(PROD.로코베리),조째즈,https://cdnimg.melon.co.kr/cm2/album/images/116/85/729/11685729_20250106160640_500.jpg/melon/resize/120/quality/80/optimize,41094
52위,뛰어(JUMP),BLACKPINK,https://cdnimg.melon.co.kr/cm2/album/images/118/90/480/11890480_20250711095238_500.jpg/melon/resize/120/quality/80/optimize,99743
53위,Less than a Lover,제니 (JENNIE),https://cdnimg.melon.co.kr/cm2/album/images/139/67/276/13967276_20260723112744_500.jpg/melon/resize/120/quality/80/optimize,150051
54위,천상연,이창섭,https://cdnimg.melon.co.kr/cm2/album/images/114/21/941/11421941_20240220105008_500.jpg/melon/resize/120/quality/80/optimize,105755
55위,멸종위기사랑,이찬혁,https://cdnimg.melon.co.kr/cm2/album/images/118/91/198/11891198_20250714145747_500.jpg/melon/resize/120/quality/80/optimize,201260
56위,소나기,이클립스 (ECLIPSE),https://cdnimg.melon.co.kr/cm2/album/images/114/59/325/11459325_20240405171054_500.jpg/melon/resize/120/quality/80/optimize,25416
57위,toxic till the end,로제 (ROSÉ),https://cdnimg.melon.co.kr/cm2/album/images/116/59/696/11659696_20241205141243_500.jpg/melon/resize/120/quality/80/optimize,161147
58위,Guitarist,도경수(D.O.),https://cdnimg.melon.co.kr/cm2/album/images/145/26/395/14526395_20260907104149_500.jpg/melon/resize/120/quality/80/optimize,55107
59위,봄 내음보다 너를,김나영,https://cdnimg.melon.co.kr/cm2/album/images/105/92/109/10592109_20210413181735_500.jpg/melon/resize/120/quality/80/optimize,64209
60위,Heavy Serenade,NMIXX,https://cdnimg.melon.co.kr/cm2/album/images/133/57/541/13357541_20260511133217_500.jpg/melon/resize/120/quality/80/optimize,218373
61위,HAPPY,DAY6 (데이식스),https://cdnimg.melon.co.kr/cm2/album/images/114/44/397/11444397_20240318115810_500.jpg/melon/resize/120/quality/80/optimize,178340
62위,그대만 있다면 (여름날 우리 X 너드커넥션 (Nerd Connection)),너드커넥션 (Nerd Connection),https://cdnimg.melon.co.kr/cm2/album/images/113/05/759/11305759_20230814111006_500.jpg/melon/resize/120/quality/80/optimize,156053
63위,SWIM,방탄소년단,https://cdnimg.melon.co.kr/cm2/album/images/129/27/820/12927820_20260320091310_500.jpg/melon/resize/120/quality/80/optimize,140641
64위,Whiplash,aespa,https://cdnimg.melon.co.kr/cm2/album/images/116/20/540/11620540_20241018183208_500.jpg/melon/resize/120/quality/80/optimize,193488
65위,Golden,"HUNTR/X, EJAE, AUDREY NUNA, REI AMI, KPop Demon Hunters Cast",https://cdnimg.melon.co.kr/cm2/album/images/118/59/863/11859863_20250620104512_500.jpg/melon/resize/120/quality/80/optimize,106800
66위,"모든 날, 모든 순간 (Every day, Every Moment)",폴킴,https://cdnimg.melon.co.kr/cm/album/images/101/49/492/10149492_500.jpg/melon/resize/120/quality/80/optimize,433659
67위,like JENNIE,제니 (JENNIE),https://cdnimg.melon.co.kr/cm2/album/images/117/30/946/11730946_20250307173452_500.jpg/melon/resize/120/quality/80/optimize,113143
68위,Runaway,RESCENE (리센느),https://cdnimg.melon.co.kr/cm2/album/images/133/12/413/13312413_20260406143448_500.jpg/melon/resize/120/quality/80/optimize,32555
69위,청춘만화,이무진,https://cdnimg.melon.co.kr/cm2/album/images/116/08/521/11608521_20241004161722_500.jpg/melon/resize/120/quality/80/optimize,34060
70위,나는야 HERO,임영웅,https://cdnimg.melon.co.kr/cm2/album/images/120/83/192/12083192_20250828155052_500.jpg/melon/resize/120/quality/80/optimize,233555
71위,주저하는 연인들을 위해,잔나비,https://cdnimg.melon.co.kr/cm/album/images/102/60/858/10260858_500.jpg/melon/resize/120/quality/80/optimize,453954
72위,이 밤을 빌려 말해요,PLAVE,https://cdnimg.melon.co.kr/cm2/album/images/124/58/320/12458320_20251226151630_500.jpg/melon/resize/120/quality/80/optimize,88173
73위,Surfin' Boy,Red Velvet (레드벨벳),https://cdnimg.melon.co.kr/cm2/album/images/143/29/378/14329378_20260731120101_500.jpg/melon/resize/120/quality/80/optimize,21500
74위,그대 작은 나의 세상이 되어,카더가든,https://cdnimg.melon.co.kr/cm2/album/images/105/54/647/10554647_20210127173809_500.jpg/melon/resize/120/quality/80/optimize,6613
75위,Seven (feat. Latto) - Clean Ver.,정국,https://cdnimg.melon.co.kr/cm2/album/images/112/86/070/11286070_20230713181059_500.jpg/melon/resize/120/quality/80/optimize,461114
76위,입춘,한로로,https://cdnimg.melon.co.kr/cm2/album/images/108/90/163/10890163_20220311160155_500.jpg/melon/resize/120/quality/80/optimize,35748
77위,나는 반딧불,황가람,https://cdnimg.melon.co.kr/cm2/album/images/116/20/541/11620541_20241018183253_500.jpg/melon/resize/120/quality/80/optimize,160465
78위,Dynamite,방탄소년단,https://cdnimg.melon.co.kr/cm2/album/images/104/79/150/10479150_20200918102847_500.jpg/melon/resize/120/quality/80/optimize,501977
79위,Vitamin ME,프로미스나인,https://cdnimg.melon.co.kr/cm2/album/images/138/16/948/13816948_20260720140607_500.jpg/melon/resize/120/quality/80/optimize,239651
80위,봄날,방탄소년단,https://cdnimg.melon.co.kr/cm/album/images/100/37/969/10037969_500.jpg/melon/resize/120/quality/80/optimize,83239
81위,사랑인가 봐,멜로망스,https://cdnimg.melon.co.kr/cm2/album/images/108/71/162/10871162_20220217162422_500.jpg/melon/resize/120/quality/80/optimize,18227
82위,예뻤어,DAY6 (데이식스),https://cdnimg.melon.co.kr/cm/album/images/100/36/099/10036099_500.jpg/melon/resize/120/quality/80/optimize,381570
83위,첫 만남은 계획대로 되지 않아,TWS (투어스),https://cdnimg.melon.co.kr/cm2/album/images/113/91/902/11391902_20250922111638_500.jpg/melon/resize/120/quality/80/optimize,177020
84위,APT.,"로제 (ROSÉ), Bruno Mars",https://cdnimg.melon.co.kr/cm2/album/images/116/19/809/11619809_20241018103507_500.jpg/melon/resize/120/quality/80/optimize,195982
85위,Die With A Smile,"Lady Gaga, Bruno Mars",https://cdnimg.melon.co.kr/cm2/album/images/115/68/901/11568901_20240816130602_500.jpg/melon/resize/120/quality/80/optimize,222343
86위,청혼하지 않을 이유를 못 찾았어,이무진,https://cdnimg.melon.co.kr/cm2/album/images/114/55/285/11455285_20240401151801_500.jpg/melon/resize/120/quality/80/optimize,77288
87위,Hype Boy,NewJeans,https://cdnimg.melon.co.kr/cm2/album/images/110/11/565/11011565_20220801102637_500.jpg/melon/resize/120/quality/80/optimize,317891
88위,Love Love Love (Feat. Yoong Jin Of Casker),에픽하이 (EPIK HIGH),https://cdnimg.melon.co.kr/cm/album/images/003/42/967/342967_500.jpg/melon/resize/120/quality/80/optimize,141139
89위,다정히 내 이름을 부르면,"경서예지, 전건호",https://cdnimg.melon.co.kr/cm2/album/images/106/10/525/10610525_20210518143433_500.jpg/melon/resize/120/quality/80/optimize,225638
90위,사랑은 봄비처럼...이별은 겨울비처럼...,임현정,https://cdnimg.melon.co.kr/cm/album/images/003/14/795/314795_500.jpg/melon/resize/120/quality/80/optimize,128850
91위,헤어지자 말해요,박재정,https://cdnimg.melon.co.kr/cm2/album/images/112/27/533/11227533_20230419162238_500.jpg/melon/resize/120/quality/80/optimize,148874
92위,Body to Body,방탄소년단,https://cdnimg.melon.co.kr/cm2/album/images/129/27/820/12927820_20260320091310_500.jpg/melon/resize/120/quality/80/optimize,225806
93위,Welcome to the Show,DAY6 (데이식스),https://cdnimg.melon.co.kr/cm2/album/images/114/44/397/11444397_20240318115810_500.jpg/melon/resize/120/quality/80/optimize,202718
94위,Love wins all,아이유,https://cdnimg.melon.co.kr/cm2/album/images/114/04/142/11404142_20240220141548_500.jpg/melon/resize/120/quality/80/optimize,48910
95위,하루 하루,BIGBANG (빅뱅),https://cdnimg.melon.co.kr/cm/album/images/003/92/870/392870_500.jpg/melon/resize/120/quality/80/optimize,122505
96위,STYLE,Hearts2Hearts (하츠투하츠),https://cdnimg.melon.co.kr/cm2/album/images/118/58/555/11858555_20250618105530_500.jpg/melon/resize/120/quality/80/optimize,65966
97위,오늘만 I LOVE YOU,BOYNEXTDOOR,https://cdnimg.melon.co.kr/cm2/album/images/116/85/070/11685070_20250106111631_500.jpg/melon/resize/120/quality/80/optimize,190061
98위,Magnetic,아일릿(ILLIT),https://cdnimg.melon.co.kr/cm2/album/images/114/50/069/11450069_20240325110702_500.jpg/melon/resize/120/quality/80/optimize,75499
99위,REBEL HEART,IVE (아이브),https://cdnimg.melon.co.kr/cm2/album/images/116/89/783/11689783_20250203110601_500.jpg/melon/resize/120/quality/80/optimize,74539
100위,시작의 아이 ❍,"박다혜, 마크툽 (MAKTUB)",https://cdnimg.melon.co.kr/cm2/album/images/120/12/550/12012550_20250807172740_500.jpg/melon/resize/120/quality/80/optimize,90968
