id,name,age,gender,city,salary
1,김철수,28.0,남,서울,3500.0
2,이영희,31.0,여,부산,4200.0
3,박민수,25.0,남,대구,3000.0
4,최지은,29.0,여,인천,3800.0
5,정수현,34.0,남,광주,4500.0
6,한유진,27.0,여,대전,3600.0
7,오세훈,45.0,남,서울,5500.0
8,강민지,22.0,여,부산,2800.0
9,윤성호,38.0,남,울산,4900.0
10,송지수,26.0,여,서울,3400.0
11,김도윤,30.0,남,수원,4000.0
12,이다은,,여,성남,3900.0
13,장현우,33.0,남,고양,
14,서지민,24.0,여,서울,3100.0
15,홍길동,29.0,남,서울,3700.0
16,홍길동,29.0,남,서울,3700.0
17,김나영,27.0,여,부산,3600.0
18,이준혁,41.0,남,대전,5300.0
19,박서연,23.0,여,,2900.0
20,최민호,999.0,남,서울,4800.0
21,유지민,35.0,여,광주,4700.0
22,정우성,-5.0,남,부산,4100.0
23,한지민,32.0,여,인천,4400.0
24,오지훈,28.0,남,대구,3500.0
25,김예린,26.0,여,울산,3300.0
26,박도현,37.0,남,서울,5200.0
27,서유리,21.0,여,수원,2700.0
28,강동원,42.0,남,고양,999999.0
29,최수빈,25.0,여,성남,3200.0
30,이상훈,29.0,남,대전,3600.0
